id,name,country,flag,continent,genre,tag,rating,address,coord_x,coord_y,photo,dish1,dish2,dish3,funFact,reviewText
de-afghanan-kabob-house,De Afghanan Kabob House,Afghanistan,🇦🇫,Asia,South Asian,Personal favorite,4.8,San Francisco,125,459,https://images.unsplash.com/photo-1562967916-efd595f34685?w=400&q=75,Tsukune,Negima,Teba sote,"The skewers are grilled over binchotan charcoal — white oak fuel that burns clean and hot, the same standard used in Tokyo's finest yakitori-ya.","Yakitori of uncommon precision. Each skewer arrives with the kind of char that speaks of patience and flame — the tsukune is bouncy and deeply savory, the negima balanced between fat and lean. A counter seat here feels less like dining out and more like being let in on a craft."
kayma-algerian-eatery,KAYMA Algerian Eatery,Algeria,🇩🇿,Africa,North African,Bay Area gem,4.6,San Francisco,328,151,https://images.unsplash.com/photo-1562967916-efd595f34685?w=400&q=75,Tsukune,Negima,Teba sote,"The skewers are grilled over binchotan charcoal — white oak fuel that burns clean and hot, the same standard used in Tokyo's finest yakitori-ya.","Yakitori of uncommon precision. Each skewer arrives with the kind of char that speaks of patience and flame — the tsukune is bouncy and deeply savory, the negima balanced between fat and lean. A counter seat here feels less like dining out and more like being let in on a craft."
lolinda,Lolinda,Argentina,🇦🇷,America,Latin American,Bay Area gem,4.8,San Francisco,658,124,https://images.unsplash.com/photo-1562967916-efd595f34685?w=400&q=75,Tsukune,Negima,Teba sote,"The skewers are grilled over binchotan charcoal — white oak fuel that burns clean and hot, the same standard used in Tokyo's finest yakitori-ya.","Yakitori of uncommon precision. Each skewer arrives with the kind of char that speaks of patience and flame — the tsukune is bouncy and deeply savory, the negima balanced between fat and lean. A counter seat here feels less like dining out and more like being let in on a craft."
ararat-kebab-gyros,Ararat Kebab & Gyros,Armenia,🇦🇲,Asia,Middle Eastern,Bay Area gem,4.7,San Francisco,132,95,https://images.unsplash.com/photo-1562967916-efd595f34685?w=400&q=75,Tsukune,Negima,Teba sote,"The skewers are grilled over binchotan charcoal — white oak fuel that burns clean and hot, the same standard used in Tokyo's finest yakitori-ya.","Yakitori of uncommon precision. Each skewer arrives with the kind of char that speaks of patience and flame — the tsukune is bouncy and deeply savory, the negima balanced between fat and lean. A counter seat here feels less like dining out and more like being let in on a craft."
bluestone-lane,Bluestone Lane,Australia,🇦🇺,Oceania,Oceania,Bay Area gem,4.5,San Francisco,338,338,https://images.unsplash.com/photo-1562967916-efd595f34685?w=400&q=75,Tsukune,Negima,Teba sote,"The skewers are grilled over binchotan charcoal — white oak fuel that burns clean and hot, the same standard used in Tokyo's finest yakitori-ya.","Yakitori of uncommon precision. Each skewer arrives with the kind of char that speaks of patience and flame — the tsukune is bouncy and deeply savory, the negima balanced between fat and lean. A counter seat here feels less like dining out and more like being let in on a craft."
leopold-s,Leopold's,Austria,🇦🇹,Europe,European,Bay Area gem,4.7,San Francisco,674,181,https://images.unsplash.com/photo-1562967916-efd595f34685?w=400&q=75,Tsukune,Negima,Teba sote,"The skewers are grilled over binchotan charcoal — white oak fuel that burns clean and hot, the same standard used in Tokyo's finest yakitori-ya.","Yakitori of uncommon precision. Each skewer arrives with the kind of char that speaks of patience and flame — the tsukune is bouncy and deeply savory, the negima balanced between fat and lean. A counter seat here feels less like dining out and more like being let in on a craft."
bistro-4293,Bistro 4293,Azerbaijan,🇦🇿,Asia,Middle Eastern,Bay Area gem,4.8,San Francisco,658,294,https://images.unsplash.com/photo-1562967916-efd595f34685?w=400&q=75,Tsukune,Negima,Teba sote,"The skewers are grilled over binchotan charcoal — white oak fuel that burns clean and hot, the same standard used in Tokyo's finest yakitori-ya.","Yakitori of uncommon precision. Each skewer arrives with the kind of char that speaks of patience and flame — the tsukune is bouncy and deeply savory, the negima balanced between fat and lean. A counter seat here feels less like dining out and more like being let in on a craft."
andaaz-bangladeshi-kitchen,Andaaz Bangladeshi Kitchen,Bangladesh,🇧🇩,Asia,South Asian,Bay Area gem,4.6,San Francisco,384,494,https://images.unsplash.com/photo-1562967916-efd595f34685?w=400&q=75,Tsukune,Negima,Teba sote,"The skewers are grilled over binchotan charcoal — white oak fuel that burns clean and hot, the same standard used in Tokyo's finest yakitori-ya.","Yakitori of uncommon precision. Each skewer arrives with the kind of char that speaks of patience and flame — the tsukune is bouncy and deeply savory, the negima balanced between fat and lean. A counter seat here feels less like dining out and more like being let in on a craft."
pena-pachamama,Peña Pachamama,Bolivia,🇧🇴,America,Latin American,Bay Area gem,4.8,San Francisco,263,437,https://images.unsplash.com/photo-1562967916-efd595f34685?w=400&q=75,Tsukune,Negima,Teba sote,"The skewers are grilled over binchotan charcoal — white oak fuel that burns clean and hot, the same standard used in Tokyo's finest yakitori-ya.","Yakitori of uncommon precision. Each skewer arrives with the kind of char that speaks of patience and flame — the tsukune is bouncy and deeply savory, the negima balanced between fat and lean. A counter seat here feels less like dining out and more like being let in on a craft."
fogo-de-chao-brazilian-steakhouse,Fogo de Chão Brazilian Steakhouse,Brazil,🇧🇷,America,Latin American,Bay Area gem,4.7,San Francisco,384,159,https://images.unsplash.com/photo-1562967916-efd595f34685?w=400&q=75,Tsukune,Negima,Teba sote,"The skewers are grilled over binchotan charcoal — white oak fuel that burns clean and hot, the same standard used in Tokyo's finest yakitori-ya.","Yakitori of uncommon precision. Each skewer arrives with the kind of char that speaks of patience and flame — the tsukune is bouncy and deeply savory, the negima balanced between fat and lean. A counter seat here feels less like dining out and more like being let in on a craft."
battambang,Battambang,Cambodia,🇰🇭,Asia,Southeast Asian,Bay Area gem,4.6,San Francisco,444,132,https://images.unsplash.com/photo-1562967916-efd595f34685?w=400&q=75,Tsukune,Negima,Teba sote,"The skewers are grilled over binchotan charcoal — white oak fuel that burns clean and hot, the same standard used in Tokyo's finest yakitori-ya.","Yakitori of uncommon precision. Each skewer arrives with the kind of char that speaks of patience and flame — the tsukune is bouncy and deeply savory, the negima balanced between fat and lean. A counter seat here feels less like dining out and more like being let in on a craft."
chile-lindo-empanadas,Chile Lindo Empanadas,Chile,🇨🇱,America,Latin American,Bay Area gem,4.5,San Francisco,199,263,https://images.unsplash.com/photo-1562967916-efd595f34685?w=400&q=75,Tsukune,Negima,Teba sote,"The skewers are grilled over binchotan charcoal — white oak fuel that burns clean and hot, the same standard used in Tokyo's finest yakitori-ya.","Yakitori of uncommon precision. Each skewer arrives with the kind of char that speaks of patience and flame — the tsukune is bouncy and deeply savory, the negima balanced between fat and lean. A counter seat here feels less like dining out and more like being let in on a craft."
baobao-dumpling,Baobao dumpling,China,🇨🇳,Asia,East Asian,Personal favorite,4.8,San Francisco,370,493,https://images.unsplash.com/photo-1562967916-efd595f34685?w=400&q=75,Tsukune,Negima,Teba sote,"The skewers are grilled over binchotan charcoal — white oak fuel that burns clean and hot, the same standard used in Tokyo's finest yakitori-ya.","Yakitori of uncommon precision. Each skewer arrives with the kind of char that speaks of patience and flame — the tsukune is bouncy and deeply savory, the negima balanced between fat and lean. A counter seat here feels less like dining out and more like being let in on a craft."
parche,Parche,Colombia,🇨🇴,America,Latin American,Bay Area gem,4.5,San Francisco,570,354,https://images.unsplash.com/photo-1562967916-efd595f34685?w=400&q=75,Tsukune,Negima,Teba sote,"The skewers are grilled over binchotan charcoal — white oak fuel that burns clean and hot, the same standard used in Tokyo's finest yakitori-ya.","Yakitori of uncommon precision. Each skewer arrives with the kind of char that speaks of patience and flame — the tsukune is bouncy and deeply savory, the negima balanced between fat and lean. A counter seat here feels less like dining out and more like being let in on a craft."
pura-vida-costa-rican-cuisine,Pura Vida Costa Rican Cuisine,Costa Rica,🇨🇷,America,Latin American,Bay Area gem,4.5,San Francisco,487,120,https://images.unsplash.com/photo-1562967916-efd595f34685?w=400&q=75,Tsukune,Negima,Teba sote,"The skewers are grilled over binchotan charcoal — white oak fuel that burns clean and hot, the same standard used in Tokyo's finest yakitori-ya.","Yakitori of uncommon precision. Each skewer arrives with the kind of char that speaks of patience and flame — the tsukune is bouncy and deeply savory, the negima balanced between fat and lean. A counter seat here feels less like dining out and more like being let in on a craft."
qua-o-la,Qua O La,Croatia,🇭🇷,Europe,European,Bay Area gem,4.7,San Francisco,470,375,https://images.unsplash.com/photo-1562967916-efd595f34685?w=400&q=75,Tsukune,Negima,Teba sote,"The skewers are grilled over binchotan charcoal — white oak fuel that burns clean and hot, the same standard used in Tokyo's finest yakitori-ya.","Yakitori of uncommon precision. Each skewer arrives with the kind of char that speaks of patience and flame — the tsukune is bouncy and deeply savory, the negima balanced between fat and lean. A counter seat here feels less like dining out and more like being let in on a craft."
cubita,Cubita,Cuba,🇨🇺,America,Latin American,Bay Area gem,4.6,San Francisco,171,103,https://images.unsplash.com/photo-1562967916-efd595f34685?w=400&q=75,Tsukune,Negima,Teba sote,"The skewers are grilled over binchotan charcoal — white oak fuel that burns clean and hot, the same standard used in Tokyo's finest yakitori-ya.","Yakitori of uncommon precision. Each skewer arrives with the kind of char that speaks of patience and flame — the tsukune is bouncy and deeply savory, the negima balanced between fat and lean. A counter seat here feels less like dining out and more like being let in on a craft."
paprika,Paprika,Czechia,🇨🇿,Europe,European,Bay Area gem,4.8,San Francisco,396,120,https://images.unsplash.com/photo-1562967916-efd595f34685?w=400&q=75,Tsukune,Negima,Teba sote,"The skewers are grilled over binchotan charcoal — white oak fuel that burns clean and hot, the same standard used in Tokyo's finest yakitori-ya.","Yakitori of uncommon precision. Each skewer arrives with the kind of char that speaks of patience and flame — the tsukune is bouncy and deeply savory, the negima balanced between fat and lean. A counter seat here feels less like dining out and more like being let in on a craft."
kantine,Kantine,Denmark,🇩🇰,Europe,European,Bay Area gem,4.8,San Francisco,203,274,https://images.unsplash.com/photo-1562967916-efd595f34685?w=400&q=75,Tsukune,Negima,Teba sote,"The skewers are grilled over binchotan charcoal — white oak fuel that burns clean and hot, the same standard used in Tokyo's finest yakitori-ya.","Yakitori of uncommon precision. Each skewer arrives with the kind of char that speaks of patience and flame — the tsukune is bouncy and deeply savory, the negima balanced between fat and lean. A counter seat here feels less like dining out and more like being let in on a craft."
mama-malewa,Mama Malewa,DR Congo,🇨🇩,Africa,East & Southern African,Bay Area gem,4.6,San Francisco,473,163,https://images.unsplash.com/photo-1562967916-efd595f34685?w=400&q=75,Tsukune,Negima,Teba sote,"The skewers are grilled over binchotan charcoal — white oak fuel that burns clean and hot, the same standard used in Tokyo's finest yakitori-ya.","Yakitori of uncommon precision. Each skewer arrives with the kind of char that speaks of patience and flame — the tsukune is bouncy and deeply savory, the negima balanced between fat and lean. A counter seat here feels less like dining out and more like being let in on a craft."
royal-egyptian-cuisine,Royal Egyptian Cuisine,Egypt,🇪🇬,Africa,North African,Bay Area gem,4.6,San Francisco,314,423,https://images.unsplash.com/photo-1562967916-efd595f34685?w=400&q=75,Tsukune,Negima,Teba sote,"The skewers are grilled over binchotan charcoal — white oak fuel that burns clean and hot, the same standard used in Tokyo's finest yakitori-ya.","Yakitori of uncommon precision. Each skewer arrives with the kind of char that speaks of patience and flame — the tsukune is bouncy and deeply savory, the negima balanced between fat and lean. A counter seat here feels less like dining out and more like being let in on a craft."
panchita-s,Panchita's,El Salvador,🇸🇻,America,Latin American,Personal favorite,4.6,San Francisco,173,391,https://images.unsplash.com/photo-1562967916-efd595f34685?w=400&q=75,Tsukune,Negima,Teba sote,"The skewers are grilled over binchotan charcoal — white oak fuel that burns clean and hot, the same standard used in Tokyo's finest yakitori-ya.","Yakitori of uncommon precision. Each skewer arrives with the kind of char that speaks of patience and flame — the tsukune is bouncy and deeply savory, the negima balanced between fat and lean. A counter seat here feels less like dining out and more like being let in on a craft."
new-eritrea-restaurant-bar,New Eritrea Restaurant & Bar,Eritrea,🇪🇷,Africa,East & Southern African,Personal favorite,4.8,San Francisco,646,453,https://images.unsplash.com/photo-1562967916-efd595f34685?w=400&q=75,Tsukune,Negima,Teba sote,"The skewers are grilled over binchotan charcoal — white oak fuel that burns clean and hot, the same standard used in Tokyo's finest yakitori-ya.","Yakitori of uncommon precision. Each skewer arrives with the kind of char that speaks of patience and flame — the tsukune is bouncy and deeply savory, the negima balanced between fat and lean. A counter seat here feels less like dining out and more like being let in on a craft."
cafe-colucci,Café Colucci,Ethiopia,🇪🇹,Africa,East & Southern African,Bay Area gem,4.6,San Francisco,573,274,https://images.unsplash.com/photo-1562967916-efd595f34685?w=400&q=75,Tsukune,Negima,Teba sote,"The skewers are grilled over binchotan charcoal — white oak fuel that burns clean and hot, the same standard used in Tokyo's finest yakitori-ya.","Yakitori of uncommon precision. Each skewer arrives with the kind of char that speaks of patience and flame — the tsukune is bouncy and deeply savory, the negima balanced between fat and lean. A counter seat here feels less like dining out and more like being let in on a craft."
kantine-finland,Kantine,Finland,🇫🇮,Europe,European,Bay Area gem,4.6,San Francisco,670,192,https://images.unsplash.com/photo-1562967916-efd595f34685?w=400&q=75,Tsukune,Negima,Teba sote,"The skewers are grilled over binchotan charcoal — white oak fuel that burns clean and hot, the same standard used in Tokyo's finest yakitori-ya.","Yakitori of uncommon precision. Each skewer arrives with the kind of char that speaks of patience and flame — the tsukune is bouncy and deeply savory, the negima balanced between fat and lean. A counter seat here feels less like dining out and more like being let in on a craft."
l-ardoise-bistro,L'Ardoise Bistro,France,🇫🇷,Europe,European,Bay Area gem,4.8,San Francisco,157,197,https://images.unsplash.com/photo-1562967916-efd595f34685?w=400&q=75,Tsukune,Negima,Teba sote,"The skewers are grilled over binchotan charcoal — white oak fuel that burns clean and hot, the same standard used in Tokyo's finest yakitori-ya.","Yakitori of uncommon precision. Each skewer arrives with the kind of char that speaks of patience and flame — the tsukune is bouncy and deeply savory, the negima balanced between fat and lean. A counter seat here feels less like dining out and more like being let in on a craft."
georgian-cheese-boat,Georgian Cheese Boat,Georgia,🇬🇪,Asia,Middle Eastern,Bay Area gem,4.8,San Francisco,423,285,https://images.unsplash.com/photo-1562967916-efd595f34685?w=400&q=75,Tsukune,Negima,Teba sote,"The skewers are grilled over binchotan charcoal — white oak fuel that burns clean and hot, the same standard used in Tokyo's finest yakitori-ya.","Yakitori of uncommon precision. Each skewer arrives with the kind of char that speaks of patience and flame — the tsukune is bouncy and deeply savory, the negima balanced between fat and lean. A counter seat here feels less like dining out and more like being let in on a craft."
suppenkuche,Suppenküche,Germany,🇩🇪,Europe,European,Bay Area gem,4.6,San Francisco,316,370,https://images.unsplash.com/photo-1562967916-efd595f34685?w=400&q=75,Tsukune,Negima,Teba sote,"The skewers are grilled over binchotan charcoal — white oak fuel that burns clean and hot, the same standard used in Tokyo's finest yakitori-ya.","Yakitori of uncommon precision. Each skewer arrives with the kind of char that speaks of patience and flame — the tsukune is bouncy and deeply savory, the negima balanced between fat and lean. A counter seat here feels less like dining out and more like being let in on a craft."
kojokojo-fusion,Kojokojo Fusion,Ghana,🇬🇭,Africa,West & Central African,Bay Area gem,4.9,San Francisco,422,188,https://images.unsplash.com/photo-1562967916-efd595f34685?w=400&q=75,Tsukune,Negima,Teba sote,"The skewers are grilled over binchotan charcoal — white oak fuel that burns clean and hot, the same standard used in Tokyo's finest yakitori-ya.","Yakitori of uncommon precision. Each skewer arrives with the kind of char that speaks of patience and flame — the tsukune is bouncy and deeply savory, the negima balanced between fat and lean. A counter seat here feels less like dining out and more like being let in on a craft."
kokkari-estiatorio,Kokkari Estiatorio,Greece,🇬🇷,Europe,European,Bay Area gem,4.8,San Francisco,505,409,https://images.unsplash.com/photo-1562967916-efd595f34685?w=400&q=75,Tsukune,Negima,Teba sote,"The skewers are grilled over binchotan charcoal — white oak fuel that burns clean and hot, the same standard used in Tokyo's finest yakitori-ya.","Yakitori of uncommon precision. Each skewer arrives with the kind of char that speaks of patience and flame — the tsukune is bouncy and deeply savory, the negima balanced between fat and lean. A counter seat here feels less like dining out and more like being let in on a craft."
cafe-guatemalteco,Cafe Guatemalteco,Guatemala,🇬🇹,America,Latin American,Bay Area gem,4.7,San Francisco,371,151,https://images.unsplash.com/photo-1562967916-efd595f34685?w=400&q=75,Tsukune,Negima,Teba sote,"The skewers are grilled over binchotan charcoal — white oak fuel that burns clean and hot, the same standard used in Tokyo's finest yakitori-ya.","Yakitori of uncommon precision. Each skewer arrives with the kind of char that speaks of patience and flame — the tsukune is bouncy and deeply savory, the negima balanced between fat and lean. A counter seat here feels less like dining out and more like being let in on a craft."
t-chaka-a-taste-of-haiti,T'chaka a Taste of Haiti,Haiti,🇭🇹,America,Latin American,Bay Area gem,4.6,San Francisco,674,355,https://images.unsplash.com/photo-1562967916-efd595f34685?w=400&q=75,Tsukune,Negima,Teba sote,"The skewers are grilled over binchotan charcoal — white oak fuel that burns clean and hot, the same standard used in Tokyo's finest yakitori-ya.","Yakitori of uncommon precision. Each skewer arrives with the kind of char that speaks of patience and flame — the tsukune is bouncy and deeply savory, the negima balanced between fat and lean. A counter seat here feels less like dining out and more like being let in on a craft."
honduras-kitchen,Honduras Kitchen,Honduras,🇭🇳,America,Latin American,Bay Area gem,4.6,San Francisco,698,299,https://images.unsplash.com/photo-1562967916-efd595f34685?w=400&q=75,Tsukune,Negima,Teba sote,"The skewers are grilled over binchotan charcoal — white oak fuel that burns clean and hot, the same standard used in Tokyo's finest yakitori-ya.","Yakitori of uncommon precision. Each skewer arrives with the kind of char that speaks of patience and flame — the tsukune is bouncy and deeply savory, the negima balanced between fat and lean. A counter seat here feels less like dining out and more like being let in on a craft."
paprika-hungary,Paprika,Hungary,🇭🇺,Europe,European,Bay Area gem,4.9,San Francisco,508,265,https://images.unsplash.com/photo-1562967916-efd595f34685?w=400&q=75,Tsukune,Negima,Teba sote,"The skewers are grilled over binchotan charcoal — white oak fuel that burns clean and hot, the same standard used in Tokyo's finest yakitori-ya.","Yakitori of uncommon precision. Each skewer arrives with the kind of char that speaks of patience and flame — the tsukune is bouncy and deeply savory, the negima balanced between fat and lean. A counter seat here feels less like dining out and more like being let in on a craft."
copra,Copra,India,🇮🇳,Asia,South Asian,Bay Area gem,4.6,San Francisco,241,340,https://images.unsplash.com/photo-1562967916-efd595f34685?w=400&q=75,Tsukune,Negima,Teba sote,"The skewers are grilled over binchotan charcoal — white oak fuel that burns clean and hot, the same standard used in Tokyo's finest yakitori-ya.","Yakitori of uncommon precision. Each skewer arrives with the kind of char that speaks of patience and flame — the tsukune is bouncy and deeply savory, the negima balanced between fat and lean. A counter seat here feels less like dining out and more like being let in on a craft."
rasa-rasa-kitchen-r2k,Rasa Rasa Kitchen / R2K,Indonesia,🇮🇩,Asia,Southeast Asian,Bay Area gem,4.7,San Francisco,148,520,https://images.unsplash.com/photo-1562967916-efd595f34685?w=400&q=75,Tsukune,Negima,Teba sote,"The skewers are grilled over binchotan charcoal — white oak fuel that burns clean and hot, the same standard used in Tokyo's finest yakitori-ya.","Yakitori of uncommon precision. Each skewer arrives with the kind of char that speaks of patience and flame — the tsukune is bouncy and deeply savory, the negima balanced between fat and lean. A counter seat here feels less like dining out and more like being let in on a craft."
delam,Delam,Iran,🇮🇷,Asia,South Asian,Personal favorite,4.5,San Francisco,263,485,https://images.unsplash.com/photo-1562967916-efd595f34685?w=400&q=75,Tsukune,Negima,Teba sote,"The skewers are grilled over binchotan charcoal — white oak fuel that burns clean and hot, the same standard used in Tokyo's finest yakitori-ya.","Yakitori of uncommon precision. Each skewer arrives with the kind of char that speaks of patience and flame — the tsukune is bouncy and deeply savory, the negima balanced between fat and lean. A counter seat here feels less like dining out and more like being let in on a craft."
slainte-irish-pub-oakland,Sláinte Irish Pub Oakland,Ireland,🇮🇪,Europe,European,Bay Area gem,4.8,San Francisco,165,277,https://images.unsplash.com/photo-1562967916-efd595f34685?w=400&q=75,Tsukune,Negima,Teba sote,"The skewers are grilled over binchotan charcoal — white oak fuel that burns clean and hot, the same standard used in Tokyo's finest yakitori-ya.","Yakitori of uncommon precision. Each skewer arrives with the kind of char that speaks of patience and flame — the tsukune is bouncy and deeply savory, the negima balanced between fat and lean. A counter seat here feels less like dining out and more like being let in on a craft."
sababa,Sababa,Israel,🇮🇱,Asia,Middle Eastern,Bay Area gem,4.7,San Francisco,579,350,https://images.unsplash.com/photo-1562967916-efd595f34685?w=400&q=75,Tsukune,Negima,Teba sote,"The skewers are grilled over binchotan charcoal — white oak fuel that burns clean and hot, the same standard used in Tokyo's finest yakitori-ya.","Yakitori of uncommon precision. Each skewer arrives with the kind of char that speaks of patience and flame — the tsukune is bouncy and deeply savory, the negima balanced between fat and lean. A counter seat here feels less like dining out and more like being let in on a craft."
flour-water,Flour + Water,Italy,🇮🇹,Europe,European,Bay Area gem,4.6,San Francisco,666,520,https://images.unsplash.com/photo-1562967916-efd595f34685?w=400&q=75,Tsukune,Negima,Teba sote,"The skewers are grilled over binchotan charcoal — white oak fuel that burns clean and hot, the same standard used in Tokyo's finest yakitori-ya.","Yakitori of uncommon precision. Each skewer arrives with the kind of char that speaks of patience and flame — the tsukune is bouncy and deeply savory, the negima balanced between fat and lean. A counter seat here feels less like dining out and more like being let in on a craft."
peaches-patties,Peaches Patties,Jamaica,🇯🇲,America,Latin American,Bay Area gem,4.9,San Francisco,217,429,https://images.unsplash.com/photo-1562967916-efd595f34685?w=400&q=75,Tsukune,Negima,Teba sote,"The skewers are grilled over binchotan charcoal — white oak fuel that burns clean and hot, the same standard used in Tokyo's finest yakitori-ya.","Yakitori of uncommon precision. Each skewer arrives with the kind of char that speaks of patience and flame — the tsukune is bouncy and deeply savory, the negima balanced between fat and lean. A counter seat here feels less like dining out and more like being let in on a craft."
moku-yakitori-ya,Moku,Japan,🇯🇵,Asia,East Asian,Personal favorite,4.9,San Francisco,373,473,https://images.unsplash.com/photo-1562967916-efd595f34685?w=400&q=75,Tsukune,Negima,Teba sote,"The skewers are grilled over binchotan charcoal — white oak fuel that burns clean and hot, the same standard used in Tokyo's finest yakitori-ya.","Yakitori of uncommon precision. Each skewer arrives with the kind of char that speaks of patience and flame — the tsukune is bouncy and deeply savory, the negima balanced between fat and lean. A counter seat here feels less like dining out and more like being let in on a craft."
shawarmaji,Shawarmaji,Jordan,🇯🇴,Asia,Middle Eastern,Bay Area gem,4.8,San Francisco,214,230,https://images.unsplash.com/photo-1562967916-efd595f34685?w=400&q=75,Tsukune,Negima,Teba sote,"The skewers are grilled over binchotan charcoal — white oak fuel that burns clean and hot, the same standard used in Tokyo's finest yakitori-ya.","Yakitori of uncommon precision. Each skewer arrives with the kind of char that speaks of patience and flame — the tsukune is bouncy and deeply savory, the negima balanced between fat and lean. A counter seat here feels less like dining out and more like being let in on a craft."
kazakh-food,Kazakh Food,Kazakhstan,🇰🇿,Asia,Central & West Asian,Bay Area gem,4.7,San Francisco,564,81,https://images.unsplash.com/photo-1562967916-efd595f34685?w=400&q=75,Tsukune,Negima,Teba sote,"The skewers are grilled over binchotan charcoal — white oak fuel that burns clean and hot, the same standard used in Tokyo's finest yakitori-ya.","Yakitori of uncommon precision. Each skewer arrives with the kind of char that speaks of patience and flame — the tsukune is bouncy and deeply savory, the negima balanced between fat and lean. A counter seat here feels less like dining out and more like being let in on a craft."
champa-garden,Champa Garden,Laos,🇱🇦,Asia,Southeast Asian,Personal favorite,4.9,San Francisco,369,336,https://images.unsplash.com/photo-1562967916-efd595f34685?w=400&q=75,Tsukune,Negima,Teba sote,"The skewers are grilled over binchotan charcoal — white oak fuel that burns clean and hot, the same standard used in Tokyo's finest yakitori-ya.","Yakitori of uncommon precision. Each skewer arrives with the kind of char that speaks of patience and flame — the tsukune is bouncy and deeply savory, the negima balanced between fat and lean. A counter seat here feels less like dining out and more like being let in on a craft."
beit-rima,Beit Rima,Lebanon,🇱🇧,Asia,Middle Eastern,Bay Area gem,4.8,San Francisco,619,134,https://images.unsplash.com/photo-1562967916-efd595f34685?w=400&q=75,Tsukune,Negima,Teba sote,"The skewers are grilled over binchotan charcoal — white oak fuel that burns clean and hot, the same standard used in Tokyo's finest yakitori-ya.","Yakitori of uncommon precision. Each skewer arrives with the kind of char that speaks of patience and flame — the tsukune is bouncy and deeply savory, the negima balanced between fat and lean. A counter seat here feels less like dining out and more like being let in on a craft."
azalina-s,Azalina's,Malaysia,🇲🇾,Asia,Southeast Asian,Bay Area gem,4.8,San Francisco,405,510,https://images.unsplash.com/photo-1562967916-efd595f34685?w=400&q=75,Tsukune,Negima,Teba sote,"The skewers are grilled over binchotan charcoal — white oak fuel that burns clean and hot, the same standard used in Tokyo's finest yakitori-ya.","Yakitori of uncommon precision. Each skewer arrives with the kind of char that speaks of patience and flame — the tsukune is bouncy and deeply savory, the negima balanced between fat and lean. A counter seat here feels less like dining out and more like being let in on a craft."
la-taqueria,La Taqueria,Mexico,🇲🇽,America,Latin American,Personal favorite,4.8,San Francisco,303,158,https://images.unsplash.com/photo-1562967916-efd595f34685?w=400&q=75,Tsukune,Negima,Teba sote,"The skewers are grilled over binchotan charcoal — white oak fuel that burns clean and hot, the same standard used in Tokyo's finest yakitori-ya.","Yakitori of uncommon precision. Each skewer arrives with the kind of char that speaks of patience and flame — the tsukune is bouncy and deeply savory, the negima balanced between fat and lean. A counter seat here feels less like dining out and more like being let in on a craft."
naadam,Naadam,Mongolia,🇲🇳,Asia,East Asian,Bay Area gem,4.6,San Francisco,265,356,https://images.unsplash.com/photo-1562967916-efd595f34685?w=400&q=75,Tsukune,Negima,Teba sote,"The skewers are grilled over binchotan charcoal — white oak fuel that burns clean and hot, the same standard used in Tokyo's finest yakitori-ya.","Yakitori of uncommon precision. Each skewer arrives with the kind of char that speaks of patience and flame — the tsukune is bouncy and deeply savory, the negima balanced between fat and lean. A counter seat here feels less like dining out and more like being let in on a craft."
el-mansour,El Mansour,Morocco,🇲🇦,Africa,North African,Bay Area gem,4.9,San Francisco,643,80,https://images.unsplash.com/photo-1562967916-efd595f34685?w=400&q=75,Tsukune,Negima,Teba sote,"The skewers are grilled over binchotan charcoal — white oak fuel that burns clean and hot, the same standard used in Tokyo's finest yakitori-ya.","Yakitori of uncommon precision. Each skewer arrives with the kind of char that speaks of patience and flame — the tsukune is bouncy and deeply savory, the negima balanced between fat and lean. A counter seat here feels less like dining out and more like being let in on a craft."
burma-superstar,Burma Superstar,Myanmar,🇲🇲,Asia,Southeast Asian,Bay Area gem,4.7,San Francisco,600,89,https://images.unsplash.com/photo-1562967916-efd595f34685?w=400&q=75,Tsukune,Negima,Teba sote,"The skewers are grilled over binchotan charcoal — white oak fuel that burns clean and hot, the same standard used in Tokyo's finest yakitori-ya.","Yakitori of uncommon precision. Each skewer arrives with the kind of char that speaks of patience and flame — the tsukune is bouncy and deeply savory, the negima balanced between fat and lean. A counter seat here feels less like dining out and more like being let in on a craft."
dancing-yak-restaurant-bar,Dancing Yak Restaurant & Bar,Nepal,🇳🇵,Asia,South Asian,Personal favorite,4.5,San Francisco,471,505,https://images.unsplash.com/photo-1562967916-efd595f34685?w=400&q=75,Tsukune,Negima,Teba sote,"The skewers are grilled over binchotan charcoal — white oak fuel that burns clean and hot, the same standard used in Tokyo's finest yakitori-ya.","Yakitori of uncommon precision. Each skewer arrives with the kind of char that speaks of patience and flame — the tsukune is bouncy and deeply savory, the negima balanced between fat and lean. A counter seat here feels less like dining out and more like being let in on a craft."
el-rinconcito-nicaraguense,El Rinconcito Nicaraguense,Nicaragua,🇳🇮,America,Latin American,Bay Area gem,4.8,San Francisco,345,109,https://images.unsplash.com/photo-1562967916-efd595f34685?w=400&q=75,Tsukune,Negima,Teba sote,"The skewers are grilled over binchotan charcoal — white oak fuel that burns clean and hot, the same standard used in Tokyo's finest yakitori-ya.","Yakitori of uncommon precision. Each skewer arrives with the kind of char that speaks of patience and flame — the tsukune is bouncy and deeply savory, the negima balanced between fat and lean. A counter seat here feels less like dining out and more like being let in on a craft."
ruth-s-buka,Ruth's Buka,Nigeria,🇳🇬,Africa,West & Central African,Bay Area gem,4.6,San Francisco,680,120,https://images.unsplash.com/photo-1562967916-efd595f34685?w=400&q=75,Tsukune,Negima,Teba sote,"The skewers are grilled over binchotan charcoal — white oak fuel that burns clean and hot, the same standard used in Tokyo's finest yakitori-ya.","Yakitori of uncommon precision. Each skewer arrives with the kind of char that speaks of patience and flame — the tsukune is bouncy and deeply savory, the negima balanced between fat and lean. A counter seat here feels less like dining out and more like being let in on a craft."
kantine-norway,Kantine,Norway,🇳🇴,Europe,European,Bay Area gem,4.5,San Francisco,597,497,https://images.unsplash.com/photo-1562967916-efd595f34685?w=400&q=75,Tsukune,Negima,Teba sote,"The skewers are grilled over binchotan charcoal — white oak fuel that burns clean and hot, the same standard used in Tokyo's finest yakitori-ya.","Yakitori of uncommon precision. Each skewer arrives with the kind of char that speaks of patience and flame — the tsukune is bouncy and deeply savory, the negima balanced between fat and lean. A counter seat here feels less like dining out and more like being let in on a craft."
mashaallah-halal-pakistani-food-restaurant,Mashaallah Halal Pakistani Food Restaurant,Pakistan,🇵🇰,Asia,South Asian,Bay Area gem,4.5,San Francisco,645,472,https://images.unsplash.com/photo-1562967916-efd595f34685?w=400&q=75,Tsukune,Negima,Teba sote,"The skewers are grilled over binchotan charcoal — white oak fuel that burns clean and hot, the same standard used in Tokyo's finest yakitori-ya.","Yakitori of uncommon precision. Each skewer arrives with the kind of char that speaks of patience and flame — the tsukune is bouncy and deeply savory, the negima balanced between fat and lean. A counter seat here feels less like dining out and more like being let in on a craft."
old-jerusalem,Old Jerusalem,Palestine,🇵🇸,Asia,Middle Eastern,Bay Area gem,4.6,San Francisco,586,361,https://images.unsplash.com/photo-1562967916-efd595f34685?w=400&q=75,Tsukune,Negima,Teba sote,"The skewers are grilled over binchotan charcoal — white oak fuel that burns clean and hot, the same standard used in Tokyo's finest yakitori-ya.","Yakitori of uncommon precision. Each skewer arrives with the kind of char that speaks of patience and flame — the tsukune is bouncy and deeply savory, the negima balanced between fat and lean. A counter seat here feels less like dining out and more like being let in on a craft."
tilin-tilin,Tilin Tilin,Panama,🇵🇦,America,Latin American,Bay Area gem,4.6,San Francisco,640,390,https://images.unsplash.com/photo-1562967916-efd595f34685?w=400&q=75,Tsukune,Negima,Teba sote,"The skewers are grilled over binchotan charcoal — white oak fuel that burns clean and hot, the same standard used in Tokyo's finest yakitori-ya.","Yakitori of uncommon precision. Each skewer arrives with the kind of char that speaks of patience and flame — the tsukune is bouncy and deeply savory, the negima balanced between fat and lean. A counter seat here feels less like dining out and more like being let in on a craft."
roosters,Roosters,Peru,🇵🇪,America,Latin American,Personal favorite,4.7,San Francisco,316,356,https://images.unsplash.com/photo-1562967916-efd595f34685?w=400&q=75,Tsukune,Negima,Teba sote,"The skewers are grilled over binchotan charcoal — white oak fuel that burns clean and hot, the same standard used in Tokyo's finest yakitori-ya.","Yakitori of uncommon precision. Each skewer arrives with the kind of char that speaks of patience and flame — the tsukune is bouncy and deeply savory, the negima balanced between fat and lean. A counter seat here feels less like dining out and more like being let in on a craft."
abaca,Abacá,Philippines,🇵🇭,Asia,Southeast Asian,Bay Area gem,4.8,San Francisco,305,445,https://images.unsplash.com/photo-1562967916-efd595f34685?w=400&q=75,Tsukune,Negima,Teba sote,"The skewers are grilled over binchotan charcoal — white oak fuel that burns clean and hot, the same standard used in Tokyo's finest yakitori-ya.","Yakitori of uncommon precision. Each skewer arrives with the kind of char that speaks of patience and flame — the tsukune is bouncy and deeply savory, the negima balanced between fat and lean. A counter seat here feels less like dining out and more like being let in on a craft."
seakor-polish-delicatessen,Seakor Polish Delicatessen,Poland,🇵🇱,Europe,European,Bay Area gem,4.6,San Francisco,482,304,https://images.unsplash.com/photo-1562967916-efd595f34685?w=400&q=75,Tsukune,Negima,Teba sote,"The skewers are grilled over binchotan charcoal — white oak fuel that burns clean and hot, the same standard used in Tokyo's finest yakitori-ya.","Yakitori of uncommon precision. Each skewer arrives with the kind of char that speaks of patience and flame — the tsukune is bouncy and deeply savory, the negima balanced between fat and lean. A counter seat here feels less like dining out and more like being let in on a craft."
bar-esper,Bar Esper,Portugal,🇵🇹,Europe,European,Bay Area gem,4.9,San Francisco,562,141,https://images.unsplash.com/photo-1562967916-efd595f34685?w=400&q=75,Tsukune,Negima,Teba sote,"The skewers are grilled over binchotan charcoal — white oak fuel that burns clean and hot, the same standard used in Tokyo's finest yakitori-ya.","Yakitori of uncommon precision. Each skewer arrives with the kind of char that speaks of patience and flame — the tsukune is bouncy and deeply savory, the negima balanced between fat and lean. A counter seat here feels less like dining out and more like being let in on a craft."
russian-renaissance-restaurant,Russian Renaissance Restaurant,Russia,🇷🇺,Europe,European,Bay Area gem,4.6,San Francisco,165,253,https://images.unsplash.com/photo-1562967916-efd595f34685?w=400&q=75,Tsukune,Negima,Teba sote,"The skewers are grilled over binchotan charcoal — white oak fuel that burns clean and hot, the same standard used in Tokyo's finest yakitori-ya.","Yakitori of uncommon precision. Each skewer arrives with the kind of char that speaks of patience and flame — the tsukune is bouncy and deeply savory, the negima balanced between fat and lean. A counter seat here feels less like dining out and more like being let in on a craft."
teranga,Teranga,Senegal,🇸🇳,Africa,West & Central African,Bay Area gem,4.5,San Francisco,667,197,https://images.unsplash.com/photo-1562967916-efd595f34685?w=400&q=75,Tsukune,Negima,Teba sote,"The skewers are grilled over binchotan charcoal — white oak fuel that burns clean and hot, the same standard used in Tokyo's finest yakitori-ya.","Yakitori of uncommon precision. Each skewer arrives with the kind of char that speaks of patience and flame — the tsukune is bouncy and deeply savory, the negima balanced between fat and lean. A counter seat here feels less like dining out and more like being let in on a craft."
red-tavern,Red Tavern,Serbia,🇷🇸,Europe,European,Bay Area gem,4.7,San Francisco,107,116,https://images.unsplash.com/photo-1562967916-efd595f34685?w=400&q=75,Tsukune,Negima,Teba sote,"The skewers are grilled over binchotan charcoal — white oak fuel that burns clean and hot, the same standard used in Tokyo's finest yakitori-ya.","Yakitori of uncommon precision. Each skewer arrives with the kind of char that speaks of patience and flame — the tsukune is bouncy and deeply savory, the negima balanced between fat and lean. A counter seat here feels less like dining out and more like being let in on a craft."
sovula-s-kitchen,Sovula's Kitchen,Sierra Leone,🇸🇱,Africa,West & Central African,Bay Area gem,4.8,San Francisco,160,197,https://images.unsplash.com/photo-1562967916-efd595f34685?w=400&q=75,Tsukune,Negima,Teba sote,"The skewers are grilled over binchotan charcoal — white oak fuel that burns clean and hot, the same standard used in Tokyo's finest yakitori-ya.","Yakitori of uncommon precision. Each skewer arrives with the kind of char that speaks of patience and flame — the tsukune is bouncy and deeply savory, the negima balanced between fat and lean. A counter seat here feels less like dining out and more like being let in on a craft."
dabao-singapore,Dabao Singapore,Singapore,🇸🇬,Asia,Southeast Asian,Bay Area gem,4.5,San Francisco,132,520,https://images.unsplash.com/photo-1562967916-efd595f34685?w=400&q=75,Tsukune,Negima,Teba sote,"The skewers are grilled over binchotan charcoal — white oak fuel that burns clean and hot, the same standard used in Tokyo's finest yakitori-ya.","Yakitori of uncommon precision. Each skewer arrives with the kind of char that speaks of patience and flame — the tsukune is bouncy and deeply savory, the negima balanced between fat and lean. A counter seat here feels less like dining out and more like being let in on a craft."
han-il-kwan,Han Il Kwan,South Korea,🇰🇷,Asia,East Asian,Bay Area gem,4.6,San Francisco,626,201,https://images.unsplash.com/photo-1562967916-efd595f34685?w=400&q=75,Tsukune,Negima,Teba sote,"The skewers are grilled over binchotan charcoal — white oak fuel that burns clean and hot, the same standard used in Tokyo's finest yakitori-ya.","Yakitori of uncommon precision. Each skewer arrives with the kind of char that speaks of patience and flame — the tsukune is bouncy and deeply savory, the negima balanced between fat and lean. A counter seat here feels less like dining out and more like being let in on a craft."
la-marcha-tapas-bar,La Marcha Tapas Bar,Spain,🇪🇸,Europe,European,Bay Area gem,4.6,San Francisco,597,189,https://images.unsplash.com/photo-1562967916-efd595f34685?w=400&q=75,Tsukune,Negima,Teba sote,"The skewers are grilled over binchotan charcoal — white oak fuel that burns clean and hot, the same standard used in Tokyo's finest yakitori-ya.","Yakitori of uncommon precision. Each skewer arrives with the kind of char that speaks of patience and flame — the tsukune is bouncy and deeply savory, the negima balanced between fat and lean. A counter seat here feels less like dining out and more like being let in on a craft."
1601-bar-kitchen,1601 Bar & Kitchen,Sri Lanka,🇱🇰,Asia,South Asian,Bay Area gem,4.7,San Francisco,684,375,https://images.unsplash.com/photo-1562967916-efd595f34685?w=400&q=75,Tsukune,Negima,Teba sote,"The skewers are grilled over binchotan charcoal — white oak fuel that burns clean and hot, the same standard used in Tokyo's finest yakitori-ya.","Yakitori of uncommon precision. Each skewer arrives with the kind of char that speaks of patience and flame — the tsukune is bouncy and deeply savory, the negima balanced between fat and lean. A counter seat here feels less like dining out and more like being let in on a craft."
z-zoul-cafe,Z Zoul Cafe,Sudan,🇸🇩,Africa,North African,Personal favorite,4.7,San Francisco,584,493,https://images.unsplash.com/photo-1562967916-efd595f34685?w=400&q=75,Tsukune,Negima,Teba sote,"The skewers are grilled over binchotan charcoal — white oak fuel that burns clean and hot, the same standard used in Tokyo's finest yakitori-ya.","Yakitori of uncommon precision. Each skewer arrives with the kind of char that speaks of patience and flame — the tsukune is bouncy and deeply savory, the negima balanced between fat and lean. A counter seat here feels less like dining out and more like being let in on a craft."
kantine-sweden,Kantine,Sweden,🇸🇪,Europe,European,Bay Area gem,4.7,San Francisco,196,129,https://images.unsplash.com/photo-1562967916-efd595f34685?w=400&q=75,Tsukune,Negima,Teba sote,"The skewers are grilled over binchotan charcoal — white oak fuel that burns clean and hot, the same standard used in Tokyo's finest yakitori-ya.","Yakitori of uncommon precision. Each skewer arrives with the kind of char that speaks of patience and flame — the tsukune is bouncy and deeply savory, the negima balanced between fat and lean. A counter seat here feels less like dining out and more like being let in on a craft."
the-matterhorn-restaurant-bakery,The Matterhorn Restaurant & Bakery,Switzerland,🇨🇭,Europe,European,Bay Area gem,4.8,San Francisco,462,296,https://images.unsplash.com/photo-1562967916-efd595f34685?w=400&q=75,Tsukune,Negima,Teba sote,"The skewers are grilled over binchotan charcoal — white oak fuel that burns clean and hot, the same standard used in Tokyo's finest yakitori-ya.","Yakitori of uncommon precision. Each skewer arrives with the kind of char that speaks of patience and flame — the tsukune is bouncy and deeply savory, the negima balanced between fat and lean. A counter seat here feels less like dining out and more like being let in on a craft."
palmyra,Palmyra,Syria,🇸🇾,Asia,Middle Eastern,Personal favorite,4.7,San Francisco,155,424,https://images.unsplash.com/photo-1562967916-efd595f34685?w=400&q=75,Tsukune,Negima,Teba sote,"The skewers are grilled over binchotan charcoal — white oak fuel that burns clean and hot, the same standard used in Tokyo's finest yakitori-ya.","Yakitori of uncommon precision. Each skewer arrives with the kind of char that speaks of patience and flame — the tsukune is bouncy and deeply savory, the negima balanced between fat and lean. A counter seat here feels less like dining out and more like being let in on a craft."
good-to-eat,Good To Eat,Taiwan,🇹🇼,Asia,East Asian,Bay Area gem,4.8,San Francisco,200,111,https://images.unsplash.com/photo-1562967916-efd595f34685?w=400&q=75,Tsukune,Negima,Teba sote,"The skewers are grilled over binchotan charcoal — white oak fuel that burns clean and hot, the same standard used in Tokyo's finest yakitori-ya.","Yakitori of uncommon precision. Each skewer arrives with the kind of char that speaks of patience and flame — the tsukune is bouncy and deeply savory, the negima balanced between fat and lean. A counter seat here feels less like dining out and more like being let in on a craft."
sofiya,Sofiya,Tajikistan,🇹🇯,Asia,Central & West Asian,Bay Area gem,4.7,San Francisco,447,489,https://images.unsplash.com/photo-1562967916-efd595f34685?w=400&q=75,Tsukune,Negima,Teba sote,"The skewers are grilled over binchotan charcoal — white oak fuel that burns clean and hot, the same standard used in Tokyo's finest yakitori-ya.","Yakitori of uncommon precision. Each skewer arrives with the kind of char that speaks of patience and flame — the tsukune is bouncy and deeply savory, the negima balanced between fat and lean. A counter seat here feels less like dining out and more like being let in on a craft."
swahili-spot,Swahili Spot,Tanzania,🇹🇿,Africa,East & Southern African,Bay Area gem,4.8,San Francisco,354,178,https://images.unsplash.com/photo-1562967916-efd595f34685?w=400&q=75,Tsukune,Negima,Teba sote,"The skewers are grilled over binchotan charcoal — white oak fuel that burns clean and hot, the same standard used in Tokyo's finest yakitori-ya.","Yakitori of uncommon precision. Each skewer arrives with the kind of char that speaks of patience and flame — the tsukune is bouncy and deeply savory, the negima balanced between fat and lean. A counter seat here feels less like dining out and more like being let in on a craft."
zen-yai,Zen Yai,Thailand,🇹🇭,Asia,Southeast Asian,Personal favorite,4.6,San Francisco,559,151,https://images.unsplash.com/photo-1562967916-efd595f34685?w=400&q=75,Tsukune,Negima,Teba sote,"The skewers are grilled over binchotan charcoal — white oak fuel that burns clean and hot, the same standard used in Tokyo's finest yakitori-ya.","Yakitori of uncommon precision. Each skewer arrives with the kind of char that speaks of patience and flame — the tsukune is bouncy and deeply savory, the negima balanced between fat and lean. A counter seat here feels less like dining out and more like being let in on a craft."
zitouna,Zitouna,Tunisia,🇹🇳,Africa,North African,Personal favorite,4.7,San Francisco,385,316,https://images.unsplash.com/photo-1562967916-efd595f34685?w=400&q=75,Tsukune,Negima,Teba sote,"The skewers are grilled over binchotan charcoal — white oak fuel that burns clean and hot, the same standard used in Tokyo's finest yakitori-ya.","Yakitori of uncommon precision. Each skewer arrives with the kind of char that speaks of patience and flame — the tsukune is bouncy and deeply savory, the negima balanced between fat and lean. A counter seat here feels less like dining out and more like being let in on a craft."
turquaz-sf,Turquaz SF,Turkey,🇹🇷,Asia,Middle Eastern,Bay Area gem,4.6,San Francisco,177,306,https://images.unsplash.com/photo-1562967916-efd595f34685?w=400&q=75,Tsukune,Negima,Teba sote,"The skewers are grilled over binchotan charcoal — white oak fuel that burns clean and hot, the same standard used in Tokyo's finest yakitori-ya.","Yakitori of uncommon precision. Each skewer arrives with the kind of char that speaks of patience and flame — the tsukune is bouncy and deeply savory, the negima balanced between fat and lean. A counter seat here feels less like dining out and more like being let in on a craft."
leleka-ukrainian-comfort-food,LELEKA Ukrainian Comfort Food,Ukraine,🇺🇦,Europe,European,Personal favorite,4.8,San Francisco,663,130,https://images.unsplash.com/photo-1562967916-efd595f34685?w=400&q=75,Tsukune,Negima,Teba sote,"The skewers are grilled over binchotan charcoal — white oak fuel that burns clean and hot, the same standard used in Tokyo's finest yakitori-ya.","Yakitori of uncommon precision. Each skewer arrives with the kind of char that speaks of patience and flame — the tsukune is bouncy and deeply savory, the negima balanced between fat and lean. A counter seat here feels less like dining out and more like being let in on a craft."
the-cavalier,The Cavalier,United Kingdom,🇬🇧,Europe,European,Bay Area gem,4.5,San Francisco,653,508,https://images.unsplash.com/photo-1562967916-efd595f34685?w=400&q=75,Tsukune,Negima,Teba sote,"The skewers are grilled over binchotan charcoal — white oak fuel that burns clean and hot, the same standard used in Tokyo's finest yakitori-ya.","Yakitori of uncommon precision. Each skewer arrives with the kind of char that speaks of patience and flame — the tsukune is bouncy and deeply savory, the negima balanced between fat and lean. A counter seat here feels less like dining out and more like being let in on a craft."
wayfare-tavern,Wayfare Tavern,United States,🇺🇸,America,European,Bay Area gem,4.5,San Francisco,195,465,https://images.unsplash.com/photo-1562967916-efd595f34685?w=400&q=75,Tsukune,Negima,Teba sote,"The skewers are grilled over binchotan charcoal — white oak fuel that burns clean and hot, the same standard used in Tokyo's finest yakitori-ya.","Yakitori of uncommon precision. Each skewer arrives with the kind of char that speaks of patience and flame — the tsukune is bouncy and deeply savory, the negima balanced between fat and lean. A counter seat here feels less like dining out and more like being let in on a craft."
uzbegim,Uzbegim,Uzbekistan,🇺🇿,Asia,Central & West Asian,Bay Area gem,4.8,San Francisco,270,288,https://images.unsplash.com/photo-1562967916-efd595f34685?w=400&q=75,Tsukune,Negima,Teba sote,"The skewers are grilled over binchotan charcoal — white oak fuel that burns clean and hot, the same standard used in Tokyo's finest yakitori-ya.","Yakitori of uncommon precision. Each skewer arrives with the kind of char that speaks of patience and flame — the tsukune is bouncy and deeply savory, the negima balanced between fat and lean. A counter seat here feels less like dining out and more like being let in on a craft."
pica-pica-arepa-kitchen,Pica Pica Arepa Kitchen,Venezuela,🇻🇪,America,Latin American,Bay Area gem,4.7,San Francisco,318,285,https://images.unsplash.com/photo-1562967916-efd595f34685?w=400&q=75,Tsukune,Negima,Teba sote,"The skewers are grilled over binchotan charcoal — white oak fuel that burns clean and hot, the same standard used in Tokyo's finest yakitori-ya.","Yakitori of uncommon precision. Each skewer arrives with the kind of char that speaks of patience and flame — the tsukune is bouncy and deeply savory, the negima balanced between fat and lean. A counter seat here feels less like dining out and more like being let in on a craft."
lily,Lily,Vietnam,🇻🇳,Asia,Southeast Asian,Bay Area gem,4.9,San Francisco,268,274,https://images.unsplash.com/photo-1562967916-efd595f34685?w=400&q=75,Tsukune,Negima,Teba sote,"The skewers are grilled over binchotan charcoal — white oak fuel that burns clean and hot, the same standard used in Tokyo's finest yakitori-ya.","Yakitori of uncommon precision. Each skewer arrives with the kind of char that speaks of patience and flame — the tsukune is bouncy and deeply savory, the negima balanced between fat and lean. A counter seat here feels less like dining out and more like being let in on a craft."
yemen-kitchen,Yemen Kitchen,Yemen,🇾🇪,Asia,Middle Eastern,Bay Area gem,4.5,San Francisco,499,215,https://images.unsplash.com/photo-1562967916-efd595f34685?w=400&q=75,Tsukune,Negima,Teba sote,"The skewers are grilled over binchotan charcoal — white oak fuel that burns clean and hot, the same standard used in Tokyo's finest yakitori-ya.","Yakitori of uncommon precision. Each skewer arrives with the kind of char that speaks of patience and flame — the tsukune is bouncy and deeply savory, the negima balanced between fat and lean. A counter seat here feels less like dining out and more like being let in on a craft."
